{
  "rows": 30311.0,
  "hr_events": 2902.0,
  "brier": 0.08586374626271116,
  "log_loss": 0.31068656490393604,
  "top10_hit_rate": 0.18169934640522875,
  "top10_hits": 278.0,
  "calibration_0_5_rows": 1108.0,
  "calibration_0_5_actual_rate": 0.04693140794223827,
  "calibration_0_5_avg_probability": 0.04324896192994616,
  "calibration_5_10_rows": 10247.0,
  "calibration_5_10_actual_rate": 0.061578998731336,
  "calibration_5_10_avg_probability": 0.07874133311398061,
  "calibration_10_15_rows": 16158.0,
  "calibration_10_15_actual_rate": 0.1105953707141973,
  "calibration_10_15_avg_probability": 0.12261346046616264,
  "calibration_15_plus_rows": 2798.0,
  "calibration_15_plus_actual_rate": 0.15439599714081487,
  "calibration_15_plus_avg_probability": 0.17080499274508235
}