{
  "rows": 30311.0,
  "hr_events": 2902.0,
  "brier": 0.08536713601527755,
  "log_loss": 0.3087569005692295,
  "top10_hit_rate": 0.1830065359477124,
  "top10_hits": 280.0,
  "calibration_0_5_rows": 1522.0,
  "calibration_0_5_actual_rate": 0.03942181340341656,
  "calibration_0_5_avg_probability": 0.03850429133318199,
  "calibration_5_10_rows": 11685.0,
  "calibration_5_10_actual_rate": 0.06367137355584082,
  "calibration_5_10_avg_probability": 0.08020921740804172,
  "calibration_10_15_rows": 15038.0,
  "calibration_10_15_actual_rate": 0.1160393669370927,
  "calibration_10_15_avg_probability": 0.12032438547376557,
  "calibration_15_plus_rows": 2066.0,
  "calibration_15_plus_actual_rate": 0.17086156824782187,
  "calibration_15_plus_avg_probability": 0.16912101036626787,
  "feature_set": "baseline+power_contact",
  "features": [
    "batter_pa_30",
    "batter_hr_rate_30",
    "batter_barrel_rate_30",
    "batter_hardhit_rate_30",
    "batter_avg_ev_30",
    "batter_avg_la_30",
    "pitcher_bf_30",
    "pitcher_hr_rate_allowed_30",
    "pitcher_barrel_rate_allowed_30",
    "pitcher_hardhit_rate_allowed_30",
    "park_hr_factor",
    "is_home",
    "temperature_2m",
    "wind_speed_10m",
    "batter_estimated_woba_30",
    "batter_estimated_slg_30",
    "batter_woba_30",
    "batter_iso_30",
    "batter_max_ev_30",
    "batter_sweet_spot_rate_30"
  ]
}