{
  "rows": 30311.0,
  "hr_events": 2902.0,
  "brier": 0.08571375096105893,
  "log_loss": 0.3100604193320491,
  "top10_hit_rate": 0.1784313725490196,
  "top10_hits": 273.0,
  "calibration_0_5_rows": 951.0,
  "calibration_0_5_actual_rate": 0.052576235541535225,
  "calibration_0_5_avg_probability": 0.043290730764408564,
  "calibration_5_10_rows": 11519.0,
  "calibration_5_10_actual_rate": 0.06215817345255665,
  "calibration_5_10_avg_probability": 0.07902397255727531,
  "calibration_10_15_rows": 16238.0,
  "calibration_10_15_actual_rate": 0.11534671757605616,
  "calibration_10_15_avg_probability": 0.1205414975662617,
  "calibration_15_plus_rows": 1603.0,
  "calibration_15_plus_actual_rate": 0.16406737367436058,
  "calibration_15_plus_avg_probability": 0.1713865519286889,
  "feature_set": "baseline+pitcher_vulnerability",
  "features": [
    "batter_pa_30",
    "batter_hr_rate_30",
    "batter_barrel_rate_30",
    "batter_hardhit_rate_30",
    "batter_avg_ev_30",
    "batter_avg_la_30",
    "pitcher_bf_30",
    "pitcher_hr_rate_allowed_30",
    "pitcher_barrel_rate_allowed_30",
    "pitcher_hardhit_rate_allowed_30",
    "park_hr_factor",
    "is_home",
    "temperature_2m",
    "wind_speed_10m",
    "pitcher_k_rate_30",
    "pitcher_bb_rate_30",
    "pitcher_fip_proxy_30",
    "pitcher_flyball_rate_allowed_30",
    "pitcher_hr_per_flyball_allowed_30"
  ]
}